{
    "auroc": 0.986111111111111,
    "data": [
        [
            0.0,
            0.0
        ],
        [
            0.0,
            0.125
        ],
        [
            0.0,
            0.875
        ],
        [
            0.1111111111111111,
            0.875
        ],
        [
            0.1111111111111111,
            1.0
        ],
        [
            1.0,
            1.0
        ]
    ]
}